strain	accession	date	country	genotype
NC_015521.1	NC_015521.1	2018-08-13	USA	
FJ457024.1	FJ457024.1	2011-03-04	India	1
MH918640.1	MH918640.1	2018-10-08	Nigeria	1
AF051830.1	AF051830.1	1998-12-18	Nepal	1a
AF076239.3	AF076239.3	2001-02-08	India	1a
AF185822.1	AF185822.1	2016-07-14	Pakistan	1a
AF459438.1	AF459438.1	2002-06-27	India	1a
D10330.1	D10330.1	2021-05-18		1a
DQ459342.1	DQ459342.1	2007-05-17	India	1a
JF443718.1	JF443718.1	2013-04-04	India	1a
JF443719.1	JF443719.1	2013-04-04	India	1a
JF443720.1	JF443720.1	2013-04-04	India	1a
LC061267.1	LC061267.1	2016-09-01	India	1a
M73218.1	M73218.1	2023-08-18		1a
MH504157.1	MH504157.1	2019-03-03	United Kingdom	1a
X99441.1	X99441.1	1997-02-17		1a
AF444002.1	AF444002.1	2001-12-21		1b
AF444003.1	AF444003.1	2001-12-21		1b
D11093.1	D11093.1	2021-05-18		1b
JQ655734.1	JQ655734.1	2012-11-06	China	1b
L08816.1	L08816.1	2023-08-18		1b
L25547.1	L25547.1	2005-04-01		1b
L25595.1	L25595.1	1995-04-26		1b
M80581.1	M80581.1	1993-08-02		1b
M94177.1	M94177.1	1996-04-04		1b
JF443717.1	JF443717.1	2013-04-04	India	1c
X98292.1	X98292.1	1998-06-17		1c
AY230202.1	AY230202.1	2003-03-31	Morocco	1d
AY204877.1	AY204877.1	2016-07-25	Chad	1e
AB720034.1	AB720034.1	2021-05-18	Bangladesh	1f
AB720035.1	AB720035.1	2021-05-18	Bangladesh	1f
JF443721.1	JF443721.1	2013-04-04	India	1f
JF443722.1	JF443722.1	2013-04-04	India	1f
JF443723.1	JF443723.1	2013-04-04	India	1f
JF443724.1	JF443724.1	2013-04-04	India	1f
JF443725.1	JF443725.1	2013-04-04	India	1f
JF443726.1	JF443726.1	2013-04-04	India	1f
MH074880.1	MH074880.1	2018-04-30	India	1f
MH504154.1	MH504154.1	2019-03-03	United Kingdom	1f
MH504162.1	MH504162.1	2019-03-03	United Kingdom	1f
MH991993.1	MH991993.1	2019-05-31	Bangladesh	1f
MH991994.1	MH991994.1	2019-05-31	Bangladesh	1f
MH991995.1	MH991995.1	2019-05-31	Bangladesh	1f
MH991996.1	MH991996.1	2019-05-31	Bangladesh	1f
MH991997.1	MH991997.1	2019-05-31	Bangladesh	1f
MH991998.1	MH991998.1	2019-05-31	Bangladesh	1f
MH991999.1	MH991999.1	2019-05-31	Bangladesh	1f
MH992000.1	MH992000.1	2019-05-31	Bangladesh	1f
MH992001.1	MH992001.1	2019-05-31	Bangladesh	1f
MH992002.1	MH992002.1	2019-05-31	Bangladesh	1f
MH992003.1	MH992003.1	2019-05-31	Bangladesh	1f
MH992004.1	MH992004.1	2019-05-31	Bangladesh	1f
MH992005.1	MH992005.1	2019-05-31	Bangladesh	1f
MH992006.1	MH992006.1	2019-05-31	Bangladesh	1f
MH992007.1	MH992007.1	2019-05-31	Bangladesh	1f
MH992008.1	MH992008.1	2019-05-31	Bangladesh	1f
MH992009.1	MH992009.1	2019-05-31	Bangladesh	1f
MH992010.1	MH992010.1	2019-05-31	Bangladesh	1f
MH992011.1	MH992011.1	2019-05-31	Bangladesh	1f
MH992012.1	MH992012.1	2019-05-31	Bangladesh	1f
MH992013.1	MH992013.1	2019-05-31	Bangladesh	1f
KY436505.1	KY436505.1	2017-12-12	India	1g
KY436506.1	KY436506.1	2017-12-12	India	1g
KY436507.1	KY436507.1	2017-12-12	India	1g
LC225387.1	LC225387.1	2021-05-18	Mongolia	1g
LC314156.1	LC314156.1	2021-05-18	Japan	1g
LC314158.1	LC314158.1	2021-05-18	Japan	1g
MH504155.1	MH504155.1	2019-03-03	United Kingdom	1g
MH504156.1	MH504156.1	2019-03-03	United Kingdom	1g
MH504158.1	MH504158.1	2019-03-03	United Kingdom	1g
MH504159.1	MH504159.1	2019-03-03	United Kingdom	1g
MH504160.1	MH504160.1	2019-03-03	United Kingdom	1g
MH504161.1	MH504161.1	2019-03-03	United Kingdom	1g
MH504163.1	MH504163.1	2019-03-03	United Kingdom	1g
MN401238.1	MN401238.1	2019-11-30	France	1g
LC314155.1	LC314155.1	2021-05-18	Japan	1g
LC314157.1	LC314157.1	2021-05-18	Japan	1g
MH809516.1	MH809516.1	2018-11-05	Nigeria	2
KX578717.1	KX578717.1	2023-08-18	Mexico	2a
M74506.1	M74506.1	2020-10-16		2a
AB290313.1	AB290313.1	2021-05-18	Mongolia	3
KP294371.1	KP294371.1	2016-07-15	Germany	3
LC260517.1	LC260517.1	2021-05-18	Japan	3
MF959764.1	MF959764.1	2018-09-15	Italy	3
MF959765.1	MF959765.1	2018-09-15	Italy	3
MK390970.1	MK390970.1	2019-03-26	Italy	3
MK390971.1	MK390971.1	2019-03-26	Italy	3
AB074918.2	AB074918.2	2021-05-18	Japan	3a
AB074920.3	AB074920.3	2021-05-18	Japan	3a
AB089824.1	AB089824.1	2021-05-18	Japan	3a
AB481228.1	AB481228.1	2011-01-28	Japan	3a
AB591734.1	AB591734.1	2021-05-18	Japan	3a
AB630970.1	AB630970.1	2021-05-18	Japan	3a
AF060668.1	AF060668.1	2016-07-26		3a
AF060669.1	AF060669.1	1999-03-03		3a
AF082843.1	AF082843.1	2021-12-22		3a
AY575859.1	AY575859.1	2005-01-14	USA	3a
FJ426403.1	FJ426403.1	2010-03-22	South Korea	3a
FJ426404.1	FJ426404.1	2010-03-22	South Korea	3a
HW532736.1	HW532736.1	2014-08-26		3a
HW532737.1	HW532737.1	2014-08-26		3a
JN564006.1	JN564006.1	2012-02-21	USA	3a
JN837481.1	JN837481.1	2012-05-15	USA	3a
JQ679013.1	JQ679013.1	2012-04-30	United Kingdom	3a
JQ679014.1	JQ679014.1	2012-04-30	United Kingdom	3a
KF303502.2	KF303502.2	2015-04-15	Germany	3a
KJ507955.1	KJ507955.1	2014-05-14	Canada	3a
KT447526.1	KT447526.1	2016-02-09	Singapore	3a
KT447528.1	KT447528.1	2016-02-09	Singapore	3a
KT727028.1	KT727028.1	2016-02-16	China	3a
KX574712.1	KX574712.1	2017-05-30	China	3a
KX981911.1	KX981911.1	2017-03-18	China	3a
MG833836.1	MG833836.1	2018-08-17	Mexico	3a
MH450022.1	MH450022.1	2019-07-07	Thailand	3a
MH504130.1	MH504130.1	2019-03-03	United Kingdom	3a
AB073912.1	AB073912.1	2009-01-16	Japan	3b
AB091394.1	AB091394.1	2021-05-18	Japan	3b
AB189070.1	AB189070.1	2021-05-18	Japan	3b
AB189071.1	AB189071.1	2021-05-18	Japan	3b
AB189072.1	AB189072.1	2021-05-18	Japan	3b
AB189073.1	AB189073.1	2021-05-18	Japan	3b
AB189074.1	AB189074.1	2021-05-18	Japan	3b
AB189075.1	AB189075.1	2021-05-18	Japan	3b
AB222182.1	AB222182.1	2021-05-18	Japan	3b
AB222183.1	AB222183.1	2021-05-18	Japan	3b
AB222184.1	AB222184.1	2021-05-18	Japan	3b
AB236320.1	AB236320.1	2021-05-18	Japan	3b
AB246676.1	AB246676.1	2021-05-18		3b
AB291951.1	AB291951.1	2021-05-18	Japan	3b
AB291952.1	AB291952.1	2021-05-18	Japan	3b
AB291953.1	AB291953.1	2021-05-18	Japan	3b
AB291954.1	AB291954.1	2021-05-18	Japan	3b
AB291955.1	AB291955.1	2021-05-18	Japan	3b
AB291956.1	AB291956.1	2021-05-18	Japan	3b
AB291957.1	AB291957.1	2021-05-18	Japan	3b
AB291960.1	AB291960.1	2021-05-18	Japan	3b
AB291962.1	AB291962.1	2021-05-18	Japan	3b
AB291963.1	AB291963.1	2021-05-18	Japan	3b
AB301710.1	AB301710.1	2021-05-18	Japan	3b
AB362839.1	AB362839.1	2021-05-18		3b
AB362840.1	AB362840.1	2021-05-18		3b
AB362841.1	AB362841.1	2021-05-18		3b
AB362842.1	AB362842.1	2021-05-18		3b
AB362843.1	AB362843.1	2021-05-18		3b
AB369691.1	AB369691.1	2021-05-18	Japan	3b
AB425830.1	AB425830.1	2021-05-18		3b
AB425831.1	AB425831.1	2021-05-18		3b
AB437316.1	AB437316.1	2021-05-18	Japan	3b
AB437317.1	AB437317.1	2021-05-18	Japan	3b
AB437318.1	AB437318.1	2021-05-18	Japan	3b
AB437319.1	AB437319.1	2021-05-18	Japan	3b
AB443623.1	AB443623.1	2021-05-18	Japan	3b
AB443624.1	AB443624.1	2021-05-18	Japan	3b
AB443625.1	AB443625.1	2021-05-18	Japan	3b
AB443626.1	AB443626.1	2021-05-18	Japan	3b
AB443627.1	AB443627.1	2021-05-18	Japan	3b
AB481229.1	AB481229.1	2011-01-28	Japan	3b
AB591733.1	AB591733.1	2021-05-18	Japan	3b
AB593690.1	AB593690.1	2011-10-22		3b
AB630971.1	AB630971.1	2021-05-18	Japan	3b
AB698071.1	AB698071.1	2021-05-18	Japan	3b
AP003430.1	AP003430.1	2021-05-18		3b
FJ527832.2	FJ527832.2	2009-04-13	China	3b
KJ507956.1	KJ507956.1	2014-05-14	Canada	3b
LC126331.1	LC126331.1	2021-05-18		3b
LC126332.1	LC126332.1	2021-05-18		3b
LC386855.1	LC386855.1	2021-05-18	Japan	3b
LC439299.1	LC439299.1	2021-05-18	Japan	3b
LC490579.1	LC490579.1	2021-05-18	Japan	3b
FJ705359.1	FJ705359.1	2009-06-07	Germany	3c
KC618402.1	KC618402.1	2013-12-21	Germany	3c
KC618403.1	KC618403.1	2013-12-21		3c
KJ701409.1	KJ701409.1	2014-10-29	France	3c
KT159771.1	KT159771.1	2016-07-15	United Kingdom	3c
KU176129.1	KU176129.1	2017-01-15	France	3c
KX172133.1	KX172133.1	2018-03-21	Germany	3c
KX462160.1	KX462160.1	2016-07-19	United Kingdom	3c
MF444031.1	MF444031.1	2019-02-20	France	3c
MF444042.1	MF444042.1	2019-02-20	France	3c
MF444043.1	MF444043.1	2019-02-20	France	3c
MF444044.1	MF444044.1	2019-02-20	France	3c
MF444049.1	MF444049.1	2019-02-20	France	3c
MF444063.1	MF444063.1	2019-02-20	France	3c
MF444064.1	MF444064.1	2019-02-20	France	3c
MF444065.1	MF444065.1	2019-02-20	France	3c
MF444071.1	MF444071.1	2019-02-20	France	3c
MF444072.1	MF444072.1	2019-02-20	France	3c
MF444085.1	MF444085.1	2019-02-20	France	3c
MF444106.1	MF444106.1	2019-02-20	France	3c
MF444111.1	MF444111.1	2019-02-20	France	3c
MF444114.1	MF444114.1	2019-02-20	France	3c
MF444115.1	MF444115.1	2019-02-20	France	3c
MF444122.1	MF444122.1	2019-02-20	France	3c
MF444128.1	MF444128.1	2019-02-20	France	3c
MF444143.1	MF444143.1	2019-02-20	France	3c
MG783569.1	MG783569.1	2018-09-23	France	3c
MG783570.1	MG783570.1	2018-09-23	France	3c
MH377722.1	MH377722.1	2018-12-27	Sweden	3c
MH377723.1	MH377723.1	2018-12-27	Sweden	3c
MH377727.1	MH377727.1	2018-12-27	Sweden	3c
MH450021.1	MH450021.1	2019-07-07	Thailand	3c
MH504124.1	MH504124.1	2019-03-03	United Kingdom	3c
MH504125.1	MH504125.1	2019-03-03	United Kingdom	3c
MH504126.1	MH504126.1	2019-03-03	United Kingdom	3c
MH504127.1	MH504127.1	2019-03-03	United Kingdom	3c
MH504128.1	MH504128.1	2019-03-03	United Kingdom	3c
MH504129.1	MH504129.1	2019-03-03	United Kingdom	3c
MH504131.1	MH504131.1	2019-03-03	United Kingdom	3c
MH504132.1	MH504132.1	2019-03-03	United Kingdom	3c
MH504133.1	MH504133.1	2019-03-03	United Kingdom	3c
MH504134.1	MH504134.1	2019-03-03	United Kingdom	3c
MH504135.1	MH504135.1	2019-03-03	United Kingdom	3c
MH504136.1	MH504136.1	2019-03-03	United Kingdom	3c
MH504137.1	MH504137.1	2019-03-03	United Kingdom	3c
MH504138.1	MH504138.1	2019-03-03	United Kingdom	3c
MK089849.1	MK089849.1	2019-06-10	Germany	3c
MN614139.1	MN614139.1	2019-12-16	Netherlands	3c
MN614140.1	MN614140.1	2019-12-16	Netherlands	3c
MN614141.1	MN614141.1	2019-12-16	Netherlands	3c
MN629976.1	MN629976.1	2019-12-16	Netherlands	3c
AB248520.1	AB248520.1	2021-05-18	Japan	3e
AB248521.1	AB248521.1	2021-05-18	Japan	3e
AB248522.1	AB248522.1	2021-05-18	Japan	3e
AB291958.1	AB291958.1	2021-05-18	Japan	3e
AB481226.1	AB481226.1	2011-01-28	Japan	3e
AB780450.1	AB780450.1	2021-05-18	Japan	3e
AB780451.1	AB780451.1	2021-05-18	Japan	3e
AB780452.1	AB780452.1	2021-05-18	Japan	3e
AB780453.1	AB780453.1	2021-05-18	Japan	3e
FJ998015.1	FJ998015.1	2016-07-24	Germany	3e
HM055578.1	HM055578.1	2016-07-25	Hungary	3e
JQ013795.1	JQ013795.1	2012-08-10	France	3e
JQ026407.1	JQ026407.1	2012-12-10	Japan	3e
JQ953665.1	JQ953665.1	2013-03-21	France	3e
KF922359.1	KF922359.1	2014-02-28	France	3e
KP698919.1	KP698919.1	2015-10-11	Italy	3e
MF444086.1	MF444086.1	2019-07-20	France	3e
MF444109.1	MF444109.1	2019-02-20	France	3e
MF444141.1	MF444141.1	2019-02-20	France	3e
MH184579.1	MH184579.1	2018-12-10	United Kingdom	3e
MH184580.1	MH184580.1	2018-12-10	United Kingdom	3e
MH184581.1	MH184581.1	2018-12-10	United Kingdom	3e
MH184582.1	MH184582.1	2018-12-10	United Kingdom	3e
MH184583.1	MH184583.1	2018-12-10	United Kingdom	3e
MH184584.1	MH184584.1	2018-12-10	United Kingdom	3e
MH377724.1	MH377724.1	2018-12-27	Germany	3e
MH504139.1	MH504139.1	2019-03-03	United Kingdom	3e
MH504140.1	MH504140.1	2019-03-03	United Kingdom	3e
MH504141.1	MH504141.1	2019-03-03	United Kingdom	3e
MH504142.1	MH504142.1	2019-03-03	United Kingdom	3e
MH504143.1	MH504143.1	2019-03-03	United Kingdom	3e
MH504144.1	MH504144.1	2019-03-03	United Kingdom	3e
MH504145.1	MH504145.1	2019-03-03	United Kingdom	3e
MH504146.1	MH504146.1	2019-03-03	United Kingdom	3e
MH504148.1	MH504148.1	2019-03-03	United Kingdom	3e
MH504149.1	MH504149.1	2019-03-03	United Kingdom	3e
MH504150.1	MH504150.1	2019-03-03	United Kingdom	3e
MH504152.1	MH504152.1	2019-03-03	United Kingdom	3e
MH504153.1	MH504153.1	2019-03-03	United Kingdom	3e
MK089848.1	MK089848.1	2019-06-10	Germany	3e
MN646690.1	MN646690.1	2020-01-21	France	3e
MN646691.1	MN646691.1	2020-01-21	France	3e
AB291961.1	AB291961.1	2021-05-18	Japan	3f
AB369687.1	AB369687.1	2021-05-18	Japan	3f
AB850879.1	AB850879.1	2021-05-18	Japan	3f
EU360977.1	EU360977.1	2008-08-06	Sweden	3f
EU375463.1	EU375463.1	2009-03-03		3f
EU495148.1	EU495148.1	2009-01-11		3f
EU723512.2	EU723512.2	2009-01-21	Spain	3f
EU723513.1	EU723513.1	2009-01-04	Spain	3f
EU723514.2	EU723514.2	2009-01-21	Spain	3f
EU723515.1	EU723515.1	2009-01-04	Spain	3f
EU723516.1	EU723516.1	2009-01-04	Spain	3f
FJ653660.1	FJ653660.1	2010-10-15	Thailand	3f
FJ956757.1	FJ956757.1	2009-09-14	Germany	3f
JN906974.1	JN906974.1	2012-05-10	France	3f
JN906975.1	JN906975.1	2012-05-10	France	3f
JN906976.1	JN906976.1	2012-05-10	France	3f
JQ953666.1	JQ953666.1	2013-03-21	France	3f
KC166967.1	KC166967.1	2014-11-13	France	3f
KC166968.1	KC166968.1	2014-11-13	France	3f
KC166969.1	KC166969.1	2014-11-13	France	3f
KC166970.1	KC166970.1	2014-11-13	France	3f
KC166971.1	KC166971.1	2014-11-13	France	3f
KT447527.1	KT447527.1	2016-02-09	Singapore	3f
KT581443.1	KT581443.1	2017-08-31	Sweden	3f
KT581444.1	KT581444.1	2017-08-31	Sweden	3f
KT581445.1	KT581445.1	2017-08-31	Sweden	3f
KT581446.1	KT581446.1	2017-08-31	Sweden	3f
KT581447.1	KT581447.1	2017-08-31	Sweden	3f
KT581448.1	KT581448.1	2017-08-31	Spain	3f
KT591532.1	KT591532.1	2016-06-27	France	3f
KT591533.1	KT591533.1	2016-06-27	France	3f
KT591534.1	KT591534.1	2016-06-27	France	3f
KU747141.1	KU747141.1	2016-07-13	Denmark	3f
KU747142.1	KU747142.1	2016-07-13	Denmark	3f
KU980235.1	KU980235.1	2018-03-21	Germany	3f
KY232312.1	KY232312.1	2017-10-28	Thailand	3f
KY232313.1	KY232313.1	2017-10-28	Thailand	3f
LC055972.1	LC055972.1	2015-11-05	Japan	3f
LC055973.1	LC055973.1	2015-11-05	Japan	3f
LC164712.1	LC164712.1	2017-12-07	Japan	3f
MF444027.1	MF444027.1	2019-02-20	France	3f
MF444028.1	MF444028.1	2019-02-20	France	3f
MF444029.1	MF444029.1	2019-02-20	France	3f
MF444032.1	MF444032.1	2019-02-20	France	3f
MF444033.1	MF444033.1	2019-07-20	France	3f
MF444034.1	MF444034.1	2019-02-20	France	3f
MF444035.1	MF444035.1	2019-02-20	France	3f
MF444036.1	MF444036.1	2019-02-20	France	3f
MF444038.1	MF444038.1	2019-02-20	France	3f
MF444039.1	MF444039.1	2019-02-20	France	3f
MF444040.1	MF444040.1	2019-02-20	France	3f
MF444041.1	MF444041.1	2019-02-20	France	3f
MF444045.1	MF444045.1	2019-02-20	France	3f
MF444046.1	MF444046.1	2019-02-20	France	3f
MF444047.1	MF444047.1	2019-02-20	France	3f
MF444048.1	MF444048.1	2019-02-20	France	3f
MF444050.1	MF444050.1	2019-02-20	France	3f
MF444051.1	MF444051.1	2019-02-20	France	3f
MF444052.1	MF444052.1	2019-02-20	France	3f
MF444053.1	MF444053.1	2019-02-20	France	3f
MF444054.1	MF444054.1	2019-02-20	France	3f
MF444055.1	MF444055.1	2019-02-20	France	3f
MF444057.1	MF444057.1	2019-02-20	France	3f
MF444058.1	MF444058.1	2019-02-20	France	3f
MF444059.1	MF444059.1	2019-02-20	France	3f
MF444060.1	MF444060.1	2019-02-20	France	3f
MF444061.1	MF444061.1	2019-02-20	France	3f
MF444062.1	MF444062.1	2019-02-20	France	3f
MF444066.1	MF444066.1	2019-02-20	France	3f
MF444067.1	MF444067.1	2019-02-20	France	3f
MF444068.1	MF444068.1	2019-02-20	France	3f
MF444069.1	MF444069.1	2019-02-20	France	3f
MF444070.1	MF444070.1	2019-02-20	France	3f
MF444073.1	MF444073.1	2019-02-20	France	3f
MF444075.1	MF444075.1	2019-02-20	France	3f
MF444076.1	MF444076.1	2019-02-20	France	3f
MF444078.1	MF444078.1	2019-02-20	France	3f
MF444079.1	MF444079.1	2019-02-20	France	3f
MF444080.1	MF444080.1	2019-02-20	France	3f
MF444081.1	MF444081.1	2019-02-20	France	3f
MF444082.1	MF444082.1	2019-02-20	France	3f
MF444083.1	MF444083.1	2019-07-20	France	3f
MF444084.1	MF444084.1	2019-02-20	France	3f
MF444087.1	MF444087.1	2019-02-20	France	3f
MF444088.1	MF444088.1	2019-02-20	France	3f
MF444090.1	MF444090.1	2019-02-20	France	3f
MF444091.1	MF444091.1	2019-02-20	France	3f
MF444092.1	MF444092.1	2019-02-20	France	3f
MF444093.1	MF444093.1	2019-02-20	France	3f
MF444094.1	MF444094.1	2019-02-20	France	3f
MF444095.1	MF444095.1	2019-02-20	France	3f
MF444096.1	MF444096.1	2019-02-20	France	3f
MF444097.1	MF444097.1	2019-02-20	France	3f
MF444098.1	MF444098.1	2019-02-20	France	3f
MF444100.1	MF444100.1	2019-02-20	France	3f
MF444101.1	MF444101.1	2019-02-20	France	3f
MF444102.1	MF444102.1	2019-02-20	France	3f
MF444103.1	MF444103.1	2019-02-20	France	3f
MF444104.1	MF444104.1	2019-02-20	France	3f
MF444105.1	MF444105.1	2019-02-20	France	3f
MF444107.1	MF444107.1	2019-02-20	France	3f
MF444108.1	MF444108.1	2019-02-20	France	3f
MF444112.1	MF444112.1	2019-02-20	France	3f
MF444113.1	MF444113.1	2019-02-20	France	3f
MF444116.1	MF444116.1	2019-02-20	France	3f
MF444117.1	MF444117.1	2019-02-20	France	3f
MF444118.1	MF444118.1	2019-02-20	France	3f
MF444119.1	MF444119.1	2019-07-20	France	3f
MF444123.1	MF444123.1	2019-02-20	France	3f
MF444124.1	MF444124.1	2019-02-20	France	3f
MF444125.1	MF444125.1	2019-02-20	France	3f
MF444126.1	MF444126.1	2019-02-20	France	3f
MF444127.1	MF444127.1	2019-02-20	France	3f
MF444129.1	MF444129.1	2019-02-20	France	3f
MF444130.1	MF444130.1	2019-02-20	France	3f
MF444132.1	MF444132.1	2019-02-20	France	3f
MF444133.1	MF444133.1	2019-02-20	France	3f
MF444134.1	MF444134.1	2019-02-20	France	3f
MF444135.1	MF444135.1	2019-02-20	France	3f
MF444137.1	MF444137.1	2019-02-20	France	3f
MF444138.1	MF444138.1	2019-02-20	France	3f
MF444139.1	MF444139.1	2019-02-20	France	3f
MF444140.1	MF444140.1	2019-02-20	France	3f
MF444142.1	MF444142.1	2019-02-20	France	3f
MF444144.1	MF444144.1	2019-02-20	France	3f
MH377725.1	MH377725.1	2018-12-27	Sweden	3f
MH377726.1	MH377726.1	2018-12-27	Sweden	3f
MH450020.1	MH450020.1	2019-07-07	Thailand	3f
MH450023.1	MH450023.1	2019-07-07	Thailand	3f
MH450024.1	MH450024.1	2019-07-07	Thailand	3f
MH450025.1	MH450025.1	2019-07-07	Thailand	3f
MH450026.1	MH450026.1	2019-07-07	Thailand	3f
MH450027.1	MH450027.1	2019-07-07	Thailand	3f
MH450028.1	MH450028.1	2019-07-07	Thailand	3f
MH450029.1	MH450029.1	2019-07-07	Thailand	3f
MH450030.1	MH450030.1	2019-07-07	Thailand	3f
MH450031.1	MH450031.1	2019-07-07	Thailand	3f
MH504147.1	MH504147.1	2019-03-03	United Kingdom	3f
MH504151.1	MH504151.1	2019-03-03	United Kingdom	3f
MK089847.1	MK089847.1	2019-06-10	Germany	3f
MN401237.1	MN401237.1	2019-11-30	France	3f
MN646689.1	MN646689.1	2020-01-21	France	3f
MN646692.1	MN646692.1	2020-01-21	France	3f
MN646693.1	MN646693.1	2020-01-21	France	3f
MN646695.1	MN646695.1	2020-01-21	France	3f
MN646696.1	MN646696.1	2020-01-21	France	3f
AF455784.1	AF455784.1	2004-11-01	Kyrgyzstan	3g
AB290312.1	AB290312.1	2021-05-18	Mongolia	3h
JQ013794.1	JQ013794.1	2012-08-10	France	3h
KU176131.1	KU176131.1	2017-01-15	France	3h
KU176132.1	KU176132.1	2017-01-15	France	3h
KY780957.1	KY780957.1	2017-03-29	Switzerland	3h
MF346772.1	MF346772.1	2017-07-19	Switzerland	3h
MF346773.1	MF346773.1	2017-07-19	Switzerland	3h
MF444037.1	MF444037.1	2019-02-20	France	3h
MF444056.1	MF444056.1	2019-02-20	France	3h
MF444077.1	MF444077.1	2019-02-20	France	3h
MF444110.1	MF444110.1	2019-02-20	France	3h
MF444120.1	MF444120.1	2019-02-20	France	3h
MF444136.1	MF444136.1	2019-02-20	France	3h
MF444145.1	MF444145.1	2019-07-20	France	3h
MG573193.1	MG573193.1	2018-01-23	Switzerland	3h
FJ998008.1	FJ998008.1	2009-09-12	Germany	3i
MH377721.1	MH377721.1	2018-12-27	Sweden	3i
AY115488.1	AY115488.1	2002-11-05	Canada	3j
AB369689.1	AB369689.1	2021-05-18	Japan	3k
AB740232.1	AB740232.1	2021-05-18	Japan	3k
LC131066.1	LC131066.1	2021-05-18	Japan	3k
LC176492.1	LC176492.1	2021-05-18	Japan	3k
LC176493.1	LC176493.1	2021-05-18	Japan	3k
JQ953664.1	JQ953664.1	2013-03-21	France	3l
KY766999.1	KY766999.1	2018-05-08	Italy	3l
MF444121.1	MF444121.1	2019-02-20	France	3l
MF444131.1	MF444131.1	2019-02-20	France	3l
MG674164.1	MG674164.1	2018-03-08	Italy	3l
KU176130.1	KU176130.1	2017-01-15	France	3m
KU513561.1	KU513561.1	2016-01-27	Spain	3m
MF444030.1	MF444030.1	2019-02-20	France	3m
MF444089.1	MF444089.1	2019-02-20	France	3m
MN646694.1	MN646694.1	2020-01-21	France	3m
LC484431.1	LC484431.1	2021-05-18		3ra
AB740220.1	AB740220.1	2021-05-18	China	3ra
AB740221.1	AB740221.1	2021-05-18	China	3ra
AB740222.1	AB740222.1	2021-05-18	China	3ra
FJ906895.1	FJ906895.1	2009-07-20	China	3ra
FJ906896.1	FJ906896.1	2009-07-20	China	3ra
GU937805.1	GU937805.1	2011-12-15	China	3ra
JQ013791.1	JQ013791.1	2012-08-10	France	3ra
JQ013792.1	JQ013792.1	2012-08-10	France	3ra
JQ013793.1	JQ013793.1	2012-08-10	France	3ra
JX121233.1	JX121233.1	2013-04-01	China	3ra
JX565469.1	JX565469.1	2012-11-11	USA	3ra
KX227751.1	KX227751.1	2016-07-31	China	3ra
KY436898.1	KY436898.1	2020-08-23	Germany	3ra
KY496200.1	KY496200.1	2017-04-25	South Korea	3ra
MF444074.1	MF444074.1	2019-02-20	France	3ra
MF444099.1	MF444099.1	2019-02-20	France	3ra
MF480297.1	MF480297.1	2018-04-04	Germany	3ra
MF480298.1	MF480298.1	2018-04-04	Germany	3ra
MG211750.1	MG211750.1	2018-03-13	France	3ra
MG211751.1	MG211751.1	2018-03-13	France	3ra
MK050463.1	MK050463.1	2019-06-03	Germany	3ra
AB369688.1	AB369688.1	2021-05-18	Japan	4
MK410048.1	MK410048.1	2019-07-23	China	4
AB197673.1	AB197673.1	2021-05-18	China	4a
AB197674.1	AB197674.1	2021-05-18	China	4a
EF077630.1	EF077630.1	2023-08-18		4a
EU366959.1	EU366959.1	2008-01-19	China	4a
FJ763142.1	FJ763142.1	2010-06-09	South Korea	4a
GU119960.2	GU119960.2	2011-05-19	China	4a
HQ634346.1	HQ634346.1	2011-03-22	Taiwan	4a
JQ655733.1	JQ655733.1	2014-07-09	China	4a
KC492825.1	KC492825.1	2013-12-13	China	4a
KC692453.1	KC692453.1	2014-07-07	China	4a
LC037955.1	LC037955.1	2021-05-18	Mongolia	4a
MF567575.1	MF567575.1	2018-01-15	China	4a
MK330953.1	MK330953.1	2019-07-14	China	4a
MK410045.1	MK410045.1	2019-07-23	China	4a
MK410046.1	MK410046.1	2019-07-23	China	4a
MK410047.1	MK410047.1	2019-07-23	China	4a
MK410049.1	MK410049.1	2019-07-23	China	4a
MK410050.1	MK410050.1	2019-07-23	China	4a
MK410051.1	MK410051.1	2019-07-23	China	4a
MK410052.1	MK410052.1	2019-07-23	China	4a
MK410053.1	MK410053.1	2019-07-23	China	4a
AB253420.1	AB253420.1	2021-05-18	Japan	4b
AB291964.1	AB291964.1	2021-05-18	Japan	4b
DQ279091.2	DQ279091.2	2007-03-19	China	4b
EU676172.2	EU676172.2	2008-10-21	China	4b
JX855794.1	JX855794.1	2014-02-27	China	4b
LC042232.1	LC042232.1	2015-09-09	Cambodia	4b
LC428039.1	LC428039.1	2021-05-18	China	4b
LC436449.1	LC436449.1	2021-05-18	Taiwan	4b
LC436450.1	LC436450.1	2021-05-18	Taiwan	4b
AB074915.3	AB074915.3	2021-05-18	Japan	4c
AB074917.3	AB074917.3	2021-05-18	Japan	4c
AB080575.1	AB080575.1	2021-05-18	Japan	4c
AB091395.1	AB091395.1	2021-05-18	Japan	4c
AB097811.1	AB097811.1	2009-01-09	Japan	4c
AB097812.1	AB097812.1	2021-05-18	Japan	4c
AB099347.1	AB099347.1	2021-05-18	Japan	4c
AB161717.1	AB161717.1	2021-05-18	Japan	4c
AB161718.1	AB161718.1	2021-05-18	Japan	4c
AB161719.1	AB161719.1	2021-05-18	Japan	4c
AB193176.1	AB193176.1	2021-05-18	Japan	4c
AB193177.1	AB193177.1	2021-05-18	Japan	4c
AB193178.1	AB193178.1	2021-05-18	Japan	4c
AB200239.1	AB200239.1	2021-05-18	Japan	4c
AB220971.1	AB220971.1	2021-05-18	Japan	4c
AB220972.1	AB220972.1	2021-05-18	Japan	4c
AB220973.1	AB220973.1	2021-05-18	Japan	4c
AB220975.1	AB220975.1	2021-05-18	Japan	4c
AB220976.1	AB220976.1	2021-05-18	Japan	4c
AB220977.1	AB220977.1	2021-05-18	Japan	4c
AB220978.1	AB220978.1	2021-05-18	Japan	4c
AB220979.1	AB220979.1	2021-05-18	Japan	4c
AB291959.1	AB291959.1	2021-05-18	Japan	4c
AB291965.1	AB291965.1	2021-05-18	Japan	4c
AB291966.1	AB291966.1	2021-05-18	Japan	4c
AB291967.1	AB291967.1	2021-05-18	Japan	4c
AB291968.1	AB291968.1	2021-05-18	Japan	4c
AB480825.1	AB480825.1	2021-05-18		4c
AB481227.1	AB481227.1	2011-01-28	Japan	4c
LC022745.1	LC022745.1	2021-05-18	Japan	4c
LC387631.1	LC387631.1	2019-09-28	Japan	4c
AJ272108.1	AJ272108.1	2000-05-24	China	4d
AY594199.1	AY594199.1	2004-05-04	China	4d
FJ610232.1	FJ610232.1	2009-07-06	China	4d
GU206559.1	GU206559.1	2011-05-19	China	4d
GU361892.1	GU361892.1	2011-05-26	China	4d
HM152568.1	HM152568.1	2010-08-03	China	4d
JQ655736.1	JQ655736.1	2014-07-09	China	4d
KC163335.1	KC163335.1	2014-07-07	China	4d
KF176351.1	KF176351.1	2014-08-27	China	4d
KX531115.1	KX531115.1	2017-02-18	China	4d
KX827238.1	KX827238.1	2017-09-04	China	4d
MK410044.1	MK410044.1	2019-07-23	China	4d
AY723745.1	AY723745.1	2006-05-16	India	4e
AB220974.1	AB220974.1	2021-05-18	Japan	4f
AB108537.1	AB108537.1	2021-05-18	China	4g
AB698654.1	AB698654.1	2021-05-18	Japan	4g
LC387632.1	LC387632.1	2019-09-28	Japan	4g
GU119961.3	GU119961.3	2011-05-19	China	4h
GU188851.1	GU188851.1	2009-12-09	China	4h
JQ655735.1	JQ655735.1	2014-07-09	China	4h
JQ740781.1	JQ740781.1	2013-01-28	China	4h
KF736234.1	KF736234.1	2014-11-01	China	4h
KJ155502.1	KJ155502.1	2014-03-24	China	4h
KM253769.1	KM253769.1	2016-01-15	China	4h
KR872414.1	KR872414.1	2015-11-02	China	4h
KR872415.1	KR872415.1	2015-11-02	China	4h
KR872416.1	KR872416.1	2015-11-02	China	4h
KR872417.1	KR872417.1	2015-11-02	China	4h
KU356182.1	KU356182.1	2016-05-02	China	4h
KU356183.1	KU356183.1	2016-05-02	China	4h
KU356184.1	KU356184.1	2016-05-02	China	4h
KU356185.1	KU356185.1	2016-05-02	China	4h
KU356186.1	KU356186.1	2016-05-02	China	4h
KU356187.1	KU356187.1	2016-05-02	China	4h
KU356188.1	KU356188.1	2016-05-02	China	4h
KU356189.1	KU356189.1	2016-05-02	China	4h
KY929403.1	KY929403.1	2017-12-26	China	4h
KY929404.1	KY929404.1	2017-12-26	China	4h
AB369690.1	AB369690.1	2021-05-18	Japan	4i
AB521805.1	AB521805.1	2021-05-18	Japan	4i
AB521806.1	AB521806.1	2021-05-18	Japan	4i
AB602439.1	AB602439.1	2021-05-18	Japan	4i
AB602440.1	AB602440.1	2021-05-18	Japan	4i
AB909124.1	AB909124.1	2021-05-18	Japan	4i
AB909125.1	AB909125.1	2021-05-18	Japan	4i
EF570133.1	EF570133.1	2007-10-22	China	4i
HM439284.1	HM439284.1	2010-10-11	China	4i
JF915746.1	JF915746.1	2013-08-01	China	4i
JQ993308.1	JQ993308.1	2012-07-28	China	4i
AB573435.2	AB573435.2	2021-05-18	Japan	5a
AB856243.1	AB856243.1	2021-05-18	Japan	6
AB602441.1	AB602441.1	2021-05-18	Japan	6a
KJ496144.1	KJ496144.1	2014-05-29	United Arab Emirates	7
KT818608.1	KT818608.1	2015-11-17	Singapore	7
KJ496143.1	KJ496143.1	2020-08-26	United Arab Emirates	7a
KX387865.1	KX387865.1	2020-08-26	China	8a
KX387866.1	KX387866.1	2016-12-12	China	8a
KX387867.1	KX387867.1	2016-12-12	China	8a
MH410175.1	MH410175.1	2019-03-18	China	8
MH410176.1	MH410176.1	2019-03-18	China	8
MH410174.1	MH410174.1	2019-03-18	China	8
